store,address
Комендатский,"​г. Санкт-Петербург, Комендантский проспект, 71"
Коломяжский,"​г. Санкт-Петербург, Коломяжский проспект, 26"
Площадь Мужества,"​г. Санкт-Петербург, Проспект Непокорённых, 6 к1"
6-я линия,"​г. Санкт-Петербург, ​6-я линия В.О., 61"
Василеостровская,"​г. Санкт-Петербург,​ Большой проспект В.О., 68"
Стачек,"​г. Санкт-Петербург,​ Проспект Стачек, 99"
РИО ,"​г. Санкт-Петербург,​ ​Фучика, 2 лит А"
Рыбацкое,"​г. Санкт-Петербург,​ ​​Караваевская улица, 24 к1"
Дыбенко,"​г. Санкт-Петербург,​ ​​Проспект Большевиков, 30 к2"
Кудрово,"​г. Санкт-Петербург,​ ​​​Европейский проспект, 20 к3"
Ладожская,"​г. Санкт-Петербург,​ ​​​​Заневский проспект, 71 к2 лит А"
Индустриальный,"​г. Санкт-Петербург,​ ​​​​​Индустриальный проспект, 27"
Парнас,"​г. Санкт-Петербург,​ ​​​​​Валерия Гаврилина, 3 к2"